accuracy,precision,recall,f1,roc_auc
0.7938877043354655,0.6438356164383562,0.5026737967914439,0.5645645645645646,0.8418784393102485
