accuracy,precision,recall,f1,roc_auc
0.8463768115942029,0.8450433108758422,0.8483091787439614,0.8466730954676953,0.9308058531120913
