accuracy,precision,recall,f1,roc_auc
0.8534982605334364,0.8456883509833586,0.8646558391337974,0.8550669216061185,0.9342431784032675
