Model,ROC_AUC_mean,ROC_AUC_std,Accuracy_mean,Accuracy_std,Precision_mean,Precision_std,Recall_mean,Recall_std,F1_mean,F1_std
GBM,0.9367510472772006,0.007846557201013156,0.8562998159205375,0.010738404288165979,0.8552075560164998,0.01567701683162384,0.8583384987640306,0.017767915174189162,0.8565736221209355,0.010670004178116154
XGBoost,0.9375824774627196,0.008930312079687412,0.8578455227576413,0.014165074870733659,0.8503010600064395,0.018266568264002896,0.869160885118332,0.020350217928527575,0.8594196932966446,0.013877118907626293
RandomForest,0.9317324601770463,0.008869842120928829,0.8622906212915463,0.010232408941230474,0.8489763227418898,0.016135728825577633,0.8819059319059319,0.015138326552773047,0.8649536651363533,0.00968682896159432
LogisticRegression,0.859483817791773,0.01194996103332192,0.776959418421028,0.015183364682845427,0.7565989138399318,0.01900191261800964,0.8175444164805867,0.01817720685279718,0.7856872834589568,0.013711321810468814
SVC,0.9188935837398736,0.011981183866786559,0.8440255468655099,0.014989191595876366,0.8165467021926844,0.019135507075802232,0.8880981008640584,0.015510984852132965,0.8506706509639093,0.013495213186013825
NeuralNet,0.9103232025070372,0.012400898262381277,0.8447040245190106,0.014933566546250986,0.8219199481296451,0.02616973763290051,0.8819092925475903,0.015012879649501695,0.8504542476878377,0.011819529552073056
AdaBoost,0.9215682312599881,0.008863541964389253,0.8374534428465973,0.012542855689435225,0.8213944321766748,0.01537437533302953,0.8629731970157503,0.022064380753789338,0.8414389786153352,0.012673577319146796
