Model,ROC_AUC_mean,ROC_AUC_std,Accuracy_mean,Accuracy_std,Precision_mean,Precision_std,Recall_mean,Recall_std,F1_mean,F1_std
GBM,0.8477186843696309,0.006069685980352796,0.8034682933531616,0.011106231664281051,0.6739339218429546,0.03180089759059824,0.5072250014375251,0.03006275583947601,0.5781518547971243,0.025076173214403804
XGBoost,0.8476059487014102,0.00589793402073057,0.8017623335057547,0.009129020050175124,0.6613579210287438,0.027070324361858036,0.5232591570352481,0.01837601177132535,0.5838878417310638,0.016378072971070457
RandomForest,0.8427490155426041,0.006202593783375123,0.8017617273373853,0.01144312443871541,0.6660675107037869,0.031238695231906123,0.511477200851015,0.02607273992940088,0.5782289369960253,0.024182798658648273
LogisticRegression,0.8449851232667702,0.00430865320949686,0.8033264499547392,0.008861404187540054,0.6554760386283902,0.020591429811095262,0.548412972227014,0.021459058333628243,0.5970515919715351,0.019276237574316714
SVC,0.8338815058534026,0.004262988570818417,0.7987749337255916,0.01162986776385314,0.6470728249977225,0.02898350534397247,0.5355758725777701,0.023610515343899147,0.585870202014369,0.023441921298340336
NeuralNet,0.7939491781438932,0.015667828462342347,0.7676330337514549,0.016428002868524326,0.5747453919314147,0.038671844233459214,0.5061669829222011,0.041537373853039454,0.536239300941088,0.02508097869148973
AdaBoost,0.84840288219843,0.004917368578160127,0.8041817535238589,0.009710102561905817,0.6742236141073848,0.028414540735561364,0.5109395664424128,0.02603850787188493,0.5808879282277137,0.022242434796269465
